Workbook

Sheet Test_Cases
A1: QA TESTING PROJECT | TEST CASES
A2: Application Under Test: SauceDemo / Swag Labs | Scope: Login, checkout field validation, and one product-to-order workflow.
A4: Guidance: Expected results describe intended behavior. Actual results should reflect observed behavior; preliminary account-specific observations are tracked separately.
A5: Test Case ID | B5: Scenario ID | C5: Module | D5: Test Case Title | E5: Preconditions | F5: Test Data | G5: Test Steps (Summary) | H5: Expected Result
A6: TC-LOGIN-001 | B6: TS-LOGIN-001 | C6: Login | D6: Login with valid credentials | E6: User is on the SauceDemo login page. | F6: Username: standard_user Password: secret_sauce | G6: 1. Enter username. 2. Enter password. 3. Click Login. | H6: User is authenticated and redirected to the Products/Inventory page.
A7: TC-LOGIN-002 | B7: TS-LOGIN-002 | C7: Login | D7: Login with invalid credentials | E7: User is on the SauceDemo login page. | F7: Username: standard_user (leading space) Password: secret_saucE (uppercase E) | G7: 1. Enter the recorded username. 2. Enter the recorded password. 3. Click Login. | H7: Login is rejected and the system displays an appropriate error message.
A8: TC-LOGIN-003 | B8: TS-LOGIN-003 | C8: Login | D8: Valid username with invalid password | E8: User is on the SauceDemo login page. | F8: Username: standard_user Password: wrong_password | G8: 1. Enter valid username. 2. Enter incorrect password. 3. Click Login. | H8: Login is rejected and an authentication error is displayed.
A9: TC-LOGIN-004 | B9: TS-LOGIN-004 | C9: Login | D9: Invalid username with valid password | E9: User is on the SauceDemo login page. | F9: Username: wrong_user Password: secret_sauce | G9: 1. Enter invalid username. 2. Enter valid password. 3. Click Login. | H9: Login is rejected and an authentication error is displayed.
A10: TC-LOGIN-005 | B10: TS-LOGIN-005 | C10: Login | D10: Both username and password fields are empty | E10: User is on the SauceDemo login page. | F10: Username: blank Password: blank | G10: 1. Leave both fields empty. 2. Click Login. | H10: Login is prevented and "Epic sadface: Username is required" is displayed.
A11: TC-LOGIN-006 | B11: TS-LOGIN-006 | C11: Login | D11: Username is entered; password is empty | E11: User is on the SauceDemo login page. | F11: Username: standard_user Password: blank | G11: 1. Enter username. 2. Leave password empty. 3. Click Login. | H11: Login is prevented and "Epic sadface: Password is required" is displayed.
A12: TC-LOGIN-007 | B12: TS-LOGIN-007 | C12: Login | D12: Username is empty; password is entered | E12: User is on the SauceDemo login page. | F12: Username: blank Password: secret_sauce | G12: 1. Leave username empty. 2. Enter password. 3. Click Login. | H12: Login is prevented and "Epic sadface: Username is required" is displayed.
A13: TC-LOGIN-008 | B13: TS-LOGIN-008 | C13: Login | D13: Login using a locked-out account | E13: User is on the SauceDemo login page. | F13: Username: locked_out_user Password: secret_sauce | G13: 1. Enter locked-out username. 2. Enter demo password. 3. Click Login. | H13: Login is rejected and "Epic sadface: Sorry, this user has been locked out." is displayed.
A14: TC-CHK-001 | B14: TS-CHK-001 | C14: Checkout | D14: Reject checkout when all required fields are blank | E14: User has an item in the cart and is on the Checkout: Your Information page. | F14: First Name: blank Last Name: blank Zip/Postal Code: blank | G14: 1. Leave all three fields empty. 2. Click Continue. | H14: The system prevents continuation and displays "Error: First Name is required".
A15: TC-CHK-002 | B15: TS-CHK-002 | C15: Checkout | D15: Require Last Name when the field is blank | E15: User is on the Checkout: Your Information page. | F15: First Name: non-empty Last Name: blank Zip/Postal Code: non-empty | G15: 1. Enter First Name. 2. Leave Last Name blank. 3. Enter Zip/Postal Code. 4. Click Continue. | H15: The system prevents continuation and displays "Error: Last Name is required".
A16: TC-CHK-003 | B16: TS-CHK-003 | C16: Checkout | D16: Require Postal Code when the field is blank | E16: User is on the Checkout: Your Information page. | F16: First Name: non-empty Last Name: non-empty Zip/Postal Code: blank | G16: 1. Enter First Name. 2. Enter Last Name. 3. Leave Zip/Postal Code blank. 4. Click Continue. | H16: The system prevents continuation and displays "Error: Postal Code is required".
... A18: TC-PRODUCT-001 | B18: TC-PRODUCT-001 | C18: Product Detail / Navigation | D18: Verify that selecting a product opens the corresponding product detail page. | E18: User is logged in using the problem_user demo account and is on the Inventory page. | F18: Sauce Labs Backpack | G18: 1. Open the Inventory page 2. Select Sauce Labs Backpack. 3. Observe the product name and information displayed on the resulting page. | H18: The Sauce Labs Backpack detail page is displayed with the corresponding product information.

Sheet Test_Execution
A1: QA TESTING PROJECT | TEST EXECUTION
A2: Results cover login, checkout required-field validation, and one end-to-end product-to-order workflow. Account-specific exploratory findings remain preliminary.
A4: TOTAL EXECUTED | C4: PASS | E4: FAIL | G4: BLOCKED | I4: SCOPE
A5: =COUNTA(A9:A21) -> 13 | C5: =COUNTIF(F9:F21,"PASS") -> 12 | E5: =COUNTIF(F9:F21,"FAIL") -> 1 | G5: =COUNTIF(F9:F21,"BLOCKED") -> 0 | I5: Login + checkout + E2E
A7: PASS means the actual behavior matched the expected result for that test. Product/UI observations are tracked separately in Bug_Reports and are not counted as login test failures.
A8: Test Case ID | B8: Scenario | C8: Test Data Summary | D8: Expected Result | E8: Actual Result | F8: Status | G8: Reported Date | H8: Tester | I8: Notes
A9: TC-LOGIN-001 | B9: Valid username + valid password | C9: standard_user / secret_sauce | D9: User is authenticated and Products page is displayed. | E9: User was successfully logged in and redirected to the Products page. | F9: PASS | G9: 2026-10-05 | H9: Muhammad Alman Firdaus | I9: Based on reported manual execution.
A10: TC-LOGIN-002 | B10: Invalid credential combination | C10: Username has leading space; password "secret_saucE" | D10: Login is rejected and an appropriate error message is displayed. | E10: Login was rejected. Message: "Epic sadface: Username and password do not match any user in this service". | F10: PASS | G10: 2026-10-12 | H10: Muhammad Alman Firdaus | I10: Two input variables differ from valid credentials; this does not isolate the whitespace behavior.
A11: TC-LOGIN-003 | B11: Valid username + invalid password | C11: standard_user / wrong_password | D11: Login is rejected and an authentication error is displayed. | E11: Error displayed: "Epic sadface: Username and password do not match any user in this service". Cross icons appeared in both fields. | F11: PASS | G11: 2026-10-05 | H11: Muhammad Alman Firdaus | I11: Observed behavior matches the rejection expectation.
A12: TC-LOGIN-004 | B12: Invalid username + valid password | C12: wrong_user / secret_sauce | D12: Login is rejected and an authentication error is displayed. | E12: Error displayed: "Epic sadface: Username and password do not match any user in this service". Cross icons appeared in both fields. | F12: PASS | G12: 2026-10-05 | H12: Muhammad Alman Firdaus | I12: Observed behavior matches the rejection expectation.
A13: TC-LOGIN-005 | B13: Both username and password empty | C13: blank / blank | D13: Login is prevented; "Epic sadface: Username is required" is displayed. | E13: User remained on login page. Message: "Epic sadface: Username is required". | F13: PASS | G13: 2026-10-05 | H13: Muhammad Alman Firdaus | I13: Validation checks username first.
A14: TC-LOGIN-006 | B14: Username entered; password empty | C14: standard_user / blank | D14: Login is prevented; "Epic sadface: Password is required" is displayed. | E14: User remained on login page. Message: "Epic sadface: Password is required". | F14: PASS | G14: 2026-10-05 | H14: Muhammad Alman Firdaus | I14: Observed field validation.
A15: TC-LOGIN-007 | B15: Username empty; password entered | C15: blank / secret_sauce | D15: Login is prevented; "Epic sadface: Username is required" is displayed. | E15: User remained on login page. Message: "Epic sadface: Username is required". | F15: PASS | G15: 2026-10-05 | H15: Muhammad Alman Firdaus | I15: Observed field validation.
A16: TC-LOGIN-008 | B16: Locked-out user | C16: locked_out_user / secret_sauce | D16: Login is rejected; "Epic sadface: Sorry, this user has been locked out." is displayed. | E16: Login was rejected. Message: "Epic sadface: Sorry, this user has been locked out." | F16: PASS | G16: 2026-10-12 | H16: Muhammad Alman Firdaus | I16: Reported during exploration of demo accounts.
A17: TC-CHK-001 | B17: Checkout: all required fields blank | C17: First Name: blank; Last Name: blank; Zip/Postal Code: blank | D17: System blocks continuation and displays "Error: First Name is required". | E17: Checkout remained on the information page and displayed "Error: First Name is required". | F17: PASS | G17: 2026-10-13 | H17: Muhammad Alman Firdaus | I17: Based on manual execution reported in conversation; no separate screenshot provided.
A18: TC-CHK-002 | B18: Checkout: Last Name omitted | C18: First Name: non-empty; Last Name: blank; Zip/Postal Code: non-empty | D18: System blocks continuation and displays "Error: Last Name is required". | E18: System displayed "Error: Last Name is required". | F18: PASS | G18: 2026-10-13 | H18: Muhammad Alman Firdaus | I18: Based on manual execution reported in conversation; specific field values were not recorded.
A19: TC-CHK-003 | B19: Checkout: Postal Code omitted | C19: First Name: non-empty; Last Name: non-empty; Zip/Postal Code: blank | D19: System blocks continuation and displays "Error: Postal Code is required". | E19: System displayed "Error: Postal Code is required". | F19: PASS | G19: 2026-10-13 | H19: Muhammad Alman Firdaus | I19: Based on manual execution reported in conversation; specific field values were not recorded.
... A21: TC-PRODUCT-001 | B21: Select Sauce Labs Backpack and verify the corresponding product detail page opens | C21: problem_user / Sauce Labs Backpack | D21: The Sauce Labs Backpack detail page is displayed with matching product information. | E21: The resulting page displayed Sauce Labs Fleece Jacket instead of Sauce Labs Backpack. | F21: FAIL | G21: 2026-10-14 | H21: Muhammad Alman Firdaus | I21: Observed with problem_user demo account. Related Jira issue: SCRUM-5. Evidence is attached to the issue.

Sheet Bug_Reports
A1: QA TESTING PROJECT | OBSERVED ISSUES
A2: Initial findings from SauceDemo demo accounts. Findings remain observations pending confirmation, not claims of newly discovered production defects.
A4: Before publishing: reproduce each issue, preserve screenshots, and verify expected behavior. Severity and priority remain unassessed until impact is reviewed.
A5: Finding ID | B5: Type | C5: Module | D5: Test Account | E5: Title | F5: Preconditions | G5: Steps to Reproduce | H5: Expected Result | I5: Actual Result | J5: Evidence File | K5: Status | L5: Severity | M5: Priority
A6: OBS-PRODUCT-001 | B6: UI / Data consistency | C6: Product Listing | D6: problem_user | E6: Product images do not match their corresponding product information | F6: User is logged in and on the Inventory page. | G6: 1. Log in as problem_user. 2. Inspect the product images for Sauce Labs Backpack, Sauce Labs Bike Light, Sauce Labs Bolt T-Shirt, and Sauce Labs Fleece Jacket. | H6: Each product image corresponds to its product name and description. | I6: The Inventory screenshot shows the same dog image for several products with different names and descriptions. | J6: Screenshot 2026-10-12 162305.png | K6: Observed — pending confirmation | L6: Not assessed | M6: Not assessed
A7: OBS-NAV-001 | B7: Navigation / Product mapping | C7: Product Detail | D7: problem_user | E7: Selecting Sauce Labs Backpack opens the Sauce Labs Fleece Jacket detail page | F7: User is logged in and viewing the Inventory page. | G7: 1. Log in as problem_user. 2. Select Sauce Labs Backpack. 3. Inspect the product detail page and URL. | H7: The selected Sauce Labs Backpack detail page should display its corresponding product name, image, description, and price. | I7: User reports that clicking Sauce Labs Backpack opened the Sauce Labs Fleece Jacket detail page. The provided detail screenshot shows the title Sauce Labs Fleece Jacket and URL inventory-item.html?id=5. | J7: Screenshot 2026-10-12 162305.png; Screenshot 2026-10-12 162409.png | K7: Observed — pending confirmation | L7: Not assessed | M7: Not assessed
A8: OBS-CART-001 | B8: Functional | C8: Shopping Cart | D8: problem_user | E8: Add to Cart / Remove behavior is inconsistent | F8: User is logged in and on the Inventory or Product Detail page. | G8: Initial observation only; exact product and click sequence still need to be recorded. | H8: Add to Cart and Remove should update the cart state consistently on supported product views. | I8: User reported that some products could not be added or removed from the Inventory page, while the controls behaved differently after opening product details. | J8: Screenshot not yet provided | K8: Needs reproduction | L8: Not assessed | M8: Not assessed
A9: OBS-PRICE-001 | B9: UI / Data display | C9: Product Listing | D9: problem_user | E9: Product price display may be inconsistent | F9: User is logged in and viewing the Inventory page. | G9: Initial observation only; exact product and displayed price still need to be recorded. | H9: Product prices should use a consistent and expected currency/number format. | I9: User reported that some product prices did not appear to use the expected format; exact example not yet recorded. | J9: Screenshot not yet provided | K9: Needs reproduction | L9: Not assessed | M9: Not assessed
A10: OBS-NAV-002 | B10: Navigation | C10: Login / Product Detail | D10: performance_glitch_user | E10: Login appeared to open a product detail page instead of Inventory | F10: User is on the login page and starts a new session. | G10: Initial observation only; must repeat from a fresh session and note the URL. | H10: Successful login should lead to the expected landing page unless the app explicitly preserves a redirect destination. | I10: User reported that login appeared to land on a product detail page rather than inventory.html. | J10: Screenshot not yet provided | K10: Needs reproduction | L10: Not assessed | M10: Not assessed
A11: OBS-CART-002 | B11: Functional | C11: Shopping Cart | D11: error_user | E11: Add to Cart / Remove did not work for some products | F11: User is logged in and viewing Inventory or Product Detail. | G11: Initial observation only; exact product and click sequence still need to be recorded. | H11: Cart actions should work consistently according to the product page state. | I11: User reported that Add to Cart and Remove did not work for some products even after opening their detail page. | J11: Screenshot not yet provided | K11: Needs reproduction | L11: Not assessed | M11: Not assessed
A12: OBS-UI-001 | B12: Visual / UI | C12: Product Listing | D12: visual_user | E12: Product page layout appeared broken | F12: User is logged in as visual_user. | G12: 1. Log in as visual_user. 2. Open the Inventory page. 3. Compare the layout with the same page under standard_user. | H12: Product information and controls are laid out consistently and remain readable. | I12: User reported that some UI elements/layout appeared disorganized although the main features remained usable. | J12: Screenshot not yet provided | K12: Needs screenshot / confirmation | L12: Not assessed | M12: Not assessed

Sheet Test_Summary
A1: QA TESTING PROJECT | TEST SUMMARY REPORT
A2: Independent manual testing of SauceDemo. Counts reflect recorded scenarios only; exploratory observations are not treated as confirmed production defects.
A4: PROJECT INFORMATION
A5: Project Name | C5: Independent QA Testing Project — SauceDemo
A6: Application Under Test | C6: SauceDemo / Swag Labs
A7: Application URL | C7: https://www.saucedemo.com
A8: Execution Period | C8: 05–14 October 2026 (based on recorded dates)
A9: Test Environment | C9: Google Chrome on Windows; exact browser/OS versions not recorded
A10: Testing Approach | C10: Manual functional testing, exploratory testing, and one end-to-end cross-module UI workflow
A12: EXECUTION METRICS
A13: TOTAL EXECUTED | C13: PASSED | E13: FAILED | G13: BLOCKED
A14: =COUNTA(Test_Execution!$A$9:$A$21) -> 13 | C14: =COUNTIF(Test_Execution!$F$9:$F$21,"PASS") -> 12 | E14: =COUNTIF(Test_Execution!$F$9:$F$21,"FAIL") -> 1 | G14: =COUNTIF(Test_Execution!$F$9:$F$21,"BLOCKED") -> 0
A17: RESULTS BY TEST GROUP
A18: Test Group | B18: Executed | C18: Passed | D18: Failed | E18: Blocked | F18: Scope / Notes
A19: Login | B19: =COUNTA(Test_Execution!$A$9:$A$16) -> 8 | C19: =COUNTIF(Test_Execution!$F$9:$F$16,"PASS") -> 8 | D19: =COUNTIF(Test_Execution!$F$9:$F$16,"FAIL") -> 0 | E19: =COUNTIF(Test_Execution!$F$9:$F$16,"BLOCKED") -> 0 | F19: Eight recorded authentication scenarios.
A20: Checkout required-field validation | B20: =COUNTA(Test_Execution!$A$17:$A$19) -> 3 | C20: =COUNTIF(Test_Execution!$F$17:$F$19,"PASS") -> 3 | D20: =COUNTIF(Test_Execution!$F$17:$F$19,"FAIL") -> 0 | E20: =COUNTIF(Test_Execution!$F$17:$F$19,"BLOCKED") -> 0 | F20: Three required-field validation scenarios.
A21: End-to-end cross-module workflow | B21: =COUNTA(Test_Execution!$A$20:$A$20) -> 1 | C21: =COUNTIF(Test_Execution!$F$20:$F$20,"PASS") -> 1 | D21: =COUNTIF(Test_Execution!$F$20:$F$20,"FAIL") -> 0 | E21: =COUNTIF(Test_Execution!$F$20:$F$20,"BLOCKED") -> 0 | F21: One composite Product-to-Order UI workflow.
A22: Product Detail / Navigatio | B22: =COUNTA(Test_Execution!$A$21:$A$21) -> 1 | C22: =COUNTIF(Test_Execution!$F$21:$F$21,"PASS") -> 0 | D22: =COUNTIF(Test_Execution!$F$21:$F$21,"FAIL") -> 1 | E22: =COUNTIF(Test_Execution!$F$21:$F$21,"BLOCKED") -> 0 | F22: Selecting Sauce Labs Backpack displayed Sauce Labs Fleece Jacket when using the problem_user demo account.
A24: KEY RESULTS, OBSERVATIONS, AND LIMITATIONS
A25: • Recorded test coverage: 8 login cases, 3 checkout required-field validation cases, and 1 end-to-end product-to-order workflow. The workflow's individual actions are documented in the test case steps; counts represent records, not individual clicks.
A26: • Exploratory account-specific issues are documented in Bug_Reports as preliminary observations. They require reproduction and expected-behavior confirmation before being treated as confirmed defects. They are not counted as failed test cases.
A27: • Additional checkout observations: leaving all checkout fields blank displayed the First Name required message; omitting Last Name or Postal Code produced the corresponding required-field message. The application accepted identical values in all three fields during an exploratory attempt, but no business rule was provided to determine whether that behavior is invalid.
A28: • Checkout Overview displayed Sauce Labs Backpack, quantity 1, item total $29.99, tax $2.40, and total $32.39. The receipt PDF showed matching order details and the shipping information Test QA / 12345 based on visual inspection.
A29: • The checkout Cancel action returned to Inventory while preserving the cart in the observed session. After order completion, Back Home returned to Inventory and the cart indicator cleared.
A30: • Limitations: this is a manual practice project on a demo application. Browser/OS versions were not recorded, and results do not establish the overall quality or production readiness of the application.
A32: CONCLUSION
A33: The recorded login scenarios, checkout required-field validation scenarios, and end-to-end product-to-order workflow behaved as expected during the documented executions. One product navigation test case failed when using the problem_user demo account: selecting Sauce Labs Backpack displayed Sauce Labs Fleece Jacket instead. Other exploratory observations remain preliminary and require further verification before being classified as confirmed defects. These results are limited to the documented test scenarios and do not establish the overall quality or production readiness of the application.
A37: RECOMMENDED NEXT STEPS
A38: 1. Review this workbook and correct any actual result or test data that does not match the execution performed.
A39: 2. Add the relevant screenshot files to the GitHub repository if you plan to publish the evidence.
A40: 3. Continue with Jira defect lifecycle practice, followed by basic Postman/REST and MySQL exercises aligned with the POSe.id internship description.
